Time,Flex1,Flex2,FSR1,FSR2,AccX,AccY,AccZ,GyroX,GyroY,GyroZ,MagX,MagY,MagZ,Haptic
0.0,51,54,156,151,0.820942556806546,-0.40408109691609906,0.047204552030022384,4.7746638631478575,-2.9914091013770583,1.9319394082268095,0.1196994401994157,0.06199284746680678,-0.15407955249830574,0
0.2510460251046025,92,74,101,148,0.3952837429869267,0.5929435513477546,-0.08130638410765512,3.214407280098664,-4.5881650472072835,1.7038545835441221,-0.18481047890264102,0.2718577261816213,-0.4135753892374535,0
0.502092050209205,14,55,62,104,0.6841828300374193,0.537835482630795,-0.8675280442962683,4.515499743553269,-3.7578003327194063,3.9622130268503835,-0.2632156906886146,0.23244873183808978,0.04832058372642423,1
0.7531380753138075,71,16,48,125,-0.9082774671907341,0.24161136884418255,-0.30517318354917156,0.9477663737693609,1.16604581862474,1.1294417486560597,-0.3720117914664136,0.3821356142820601,-0.10655215343640845,0
1.00418410041841,60,37,51,155,-0.5817384178429716,0.1592998689434768,-0.31687357908690994,-2.011641136626862,4.352018152994596,4.473504626310387,0.32786837532217283,0.28771301552770867,0.12442544647172804,0
1.2552301255230125,20,23,156,56,0.07452683342814015,-0.07976168203285594,0.16953221189830736,1.2530466021394782,2.8342272594161466,1.12257985881158,-0.005518868704907032,0.4795508403817569,-0.35503492762018296,0
1.506276150627615,82,68,40,110,-0.19939902217943728,0.39533514739386355,-0.6398654553014029,-0.15601552425959397,1.6082011829925067,0.5300145259195848,0.2251557275511148,-0.308809298535211,-0.16173689466765162,0
1.7573221757322175,86,97,97,128,0.39300293245415796,-0.17667757128494377,0.7486352097088342,0.9747586263193009,2.8383255341886198,-0.19096168551015147,-0.19130125662680475,0.447035987738723,0.4673561777882752,0
2.00836820083682,74,69,40,84,0.030472109728421737,0.9462206985402086,0.2038707910819204,-4.592458939075272,-3.360005190105028,-0.613927835104616,-0.31698455576527285,-0.4779648397024958,0.2200080396631131,0
2.2594142259414225,74,85,150,43,-0.5523018681873588,0.6435812736888984,-0.3098347443552265,2.2482655987405833,0.9327864831017871,1.5029418587345393,-0.08201006612951567,-0.4111597549124356,0.18375410557704253,0
2.510460251046025,87,10,73,75,-0.30476157103463297,-0.9363906370296697,0.09743061841481726,-0.2072107142371271,1.157420219422428,-1.709825621853378,0.04510552826069969,0.480516822001106,-0.27259050413862107,0
2.7615062761506275,99,15,135,109,0.06884700746504602,-0.28801703145602775,0.7884345257918515,-0.29817407303334953,2.4427906559495565,3.7183277897312124,-0.09602212367345175,0.04254580339542291,0.29169998845335166,0
3.01255230125523,23,96,157,70,-0.7425032034007122,-0.3398009733796892,-0.356834470639942,-0.6634466604361116,-4.563383422926388,-3.3832745585319737,0.048838656720058715,0.1129001608619492,-0.27385294841005925,1
3.2635983263598325,2,72,87,58,-0.8154188275425078,-0.03770921188741361,0.37556943419216604,-4.791388607084619,1.5326301923733006,-1.676853746448911,0.34691872808855984,-0.07136945302952424,-0.35904037247823073,1
3.514644351464435,21,58,128,100,0.02331402709452246,-0.6860446345676126,-0.24542806951585483,0.42478635719367475,-0.06723153216200473,-4.184735104475733,0.16418791450541736,-0.2839095468146925,-0.40243748976070026,0
3.7656903765690375,52,69,143,147,-0.9948099512327069,0.7366022140711737,-0.8309659846386361,-0.9673863887616818,-2.7943887507767675,-0.8160021133234725,0.3619869084042723,-0.039837735511560335,0.24928371269577643,0
4.01673640167364,1,79,148,93,0.1945561645108611,0.9725139917336303,0.07318129197466505,-2.9642171965775734,3.404524062769335,-3.258066634217464,-0.2094124401936449,0.2869701349176663,-0.3880640729784697,1
4.2677824267782425,87,92,156,78,0.8480835182148663,-0.5277669337651913,0.5199108178751712,4.607805514869769,-0.8409263385305916,3.4624529201904934,-0.14402662620514728,0.47806181797352854,0.2939897163680061,0
4.518828451882845,29,2,40,130,0.06253150794706808,0.4410321227829297,-0.8753172749775171,1.287648182059451,2.353502986657526,2.6772388806678027,-0.002744069685311823,-0.1602225284381149,0.37213570002247653,1
4.7698744769874475,37,19,55,113,-0.7045218161875466,-0.7337661428250435,0.3743310108066622,0.048448818930177495,0.43300523363288335,0.1399586780872495,0.04484775908451566,0.2584250178691111,0.25410768031616404,0
5.02092050209205,1,58,100,129,0.6888813452672575,0.4992324640171748,-0.9390556945328117,0.8805837809007926,-4.706055542434927,-1.0448483015098473,-0.48205432143150817,-0.37374621720738654,0.15962936639474223,0
5.2719665271966525,63,35,142,58,0.7344299621494466,-0.2917066584137491,-0.20567233499183502,1.0618871356117152,0.9772356525586439,2.9295609460563155,-0.33838018871412856,-0.2445066553443953,0.44663795419960717,1
5.523012552301255,59,18,103,78,-0.7902616669350382,0.4748104121876382,-0.6354322430480839,1.550093388321086,4.921333163406723,-2.1614547139135496,0.06018225837491187,0.25072950699934715,0.05798073878263987,1
5.7740585774058575,20,89,102,106,0.12793018403767276,0.6814199717558622,-0.8215913425758876,-1.4084897033376853,-1.161528481322037,-0.3418719297975148,0.052513614782725204,-0.4058480898743021,-0.15633680739089695,0
6.02510460251046,32,66,108,84,0.07067112803104703,-0.5335671769003976,-0.3141462714434795,3.359980637812095,-2.6420790604079016,2.760002070354295,-0.21756910131348828,-0.10927163438638676,0.2983441882243283,0
6.2761506276150625,75,18,61,52,-0.052060117138887696,-0.2897913934413905,0.297645680583152,-0.9468981691425657,1.018553836620085,1.3254053322630615,-0.12806733208313514,-0.0483031807683173,-0.10261860951468349,0
6.527196652719665,57,19,132,153,-0.0408357964914996,0.16839896942833854,0.4736449507898257,-1.2715136281106556,0.12615205205805147,-0.8696882535230301,-0.4065920280247044,-0.05892784174921628,-0.30439072695548497,0
6.7782426778242675,21,95,158,131,0.11548453190087482,0.17307086932151816,0.12891708504528254,-4.308672138133805,-0.6283461118317346,-4.026066074464478,-0.3132767042269585,-0.40596389556573365,-0.14332902585823526,0
7.02928870292887,88,70,106,97,-0.2424547480974213,-0.3251063322561638,0.7992947942900246,-0.9497920091967851,0.9291839983178187,0.7941489934350079,0.25748188478941736,-0.22355830941660393,-0.18765089811448643,0
7.2803347280334725,48,51,115,59,0.21511044458714568,-0.511293689070691,-0.0035046043021196294,1.626212790083203,-4.047384920453737,1.5212324553043786,0.1426746576724236,-0.3041591874130811,0.39695793042353433,1
7.531380753138075,90,32,65,131,-0.33930303743817203,0.8673836475197492,-0.9849312737318505,-1.878519433035529,-1.0095405386288894,3.579862539227058,0.02019052325155446,-0.05239705967978303,0.0578201919292014,0
7.7824267782426775,58,39,55,111,-0.5493344045749435,-0.2692863606518847,-0.02438039838252415,-4.909695958704497,0.884126333406055,0.9871398010010761,-0.33396568658380454,0.1134731386391763,-0.13689926336598957,0
8.03347280334728,41,38,90,100,0.7016350356722925,-0.8242247509197123,0.6117297734822869,-1.0334022365643802,-2.629721428916638,-2.653259617384489,0.3971863409646189,-0.33114579332231386,0.007051103865441055,0
8.284518828451883,91,81,140,144,-0.8886930212860493,0.6846280705963632,-0.8967290442509743,3.837096696607526,-0.5797562621714247,-1.6911063701082805,0.09811262936901799,-0.4666163982136188,-0.13630687524385976,0
8.535564853556485,59,0,125,78,-0.9635150371432779,0.39392292473284307,0.9945110695367887,-0.5122242616859696,1.6939040145936133,-3.542434317552483,0.2326352347008328,0.3203775074489733,-0.18683800518271765,0
8.786610878661087,79,10,96,40,0.7932205259480416,0.15199683561131994,0.8347912261710633,-0.505661647862623,0.8788437111038689,4.4858335485143375,0.29859327238275124,0.46775587710338884,0.3568739360750941,0
9.03765690376569,14,91,68,42,-0.9893999872047892,0.950134325890285,-0.018502441482431076,-2.4747221792458074,-1.4074925208375442,-1.2064141007757625,-0.3823560118406748,0.23973033208554062,-0.18033316755945528,0
9.288702928870293,61,56,117,116,0.44579219324355135,0.6417229463067051,0.4369145416731073,1.0553815764488288,-1.4326794695999832,0.33511925299695555,0.48841598941207653,-0.014641016840112875,-0.37756610164105897,1
9.539748953974895,61,88,131,131,0.07007346408982107,-0.04676103174717605,0.6771651174052495,2.817903298450294,2.053855941122036,-0.5363135348741448,0.22518554802739077,-0.17698880161378616,0.4970781570816617,1
9.790794979079497,46,49,108,101,-0.5898448797010818,0.9359881330084685,0.42190495767349656,3.6421617767416894,0.5814024959386286,0.39905839502212537,0.4797824578545219,0.1561340180205807,-0.3701735510482824,0
10.0418410041841,61,22,86,102,-0.6009861453233605,0.47249436739697637,0.05968004636223334,-4.6581223406084185,4.866929803571615,-3.7702919147037326,0.18686099767502906,-0.4069695135399728,-0.4706358408976077,1
10.292887029288703,50,30,152,152,0.414460191288889,0.5355590028856776,-0.8254196408206491,-2.688690875723534,-4.48303162758473,1.400029668369137,0.32295844622148606,-0.29024705231631864,-0.1209728737809026,0
10.543933054393305,54,93,133,64,0.012207912718694036,0.8640286845138683,-0.35871561568097143,-2.7529882302732,-3.199895625272765,-4.114444157767586,0.47345738997617315,-0.16315949813889674,-0.20351021871668473,0
10.794979079497907,63,41,149,95,0.18776619511579762,-0.26153903698020775,-0.0914640555618007,-3.966910428759843,0.8467070044258875,1.8820786586659546,0.4182079996227752,-0.3892515546810419,0.2595824101146318,0
11.04602510460251,2,98,101,72,0.09720623587630639,0.09784395977795457,-0.5965390753395283,-1.02621011535599,-0.2010291840792675,1.859677359829841,0.488065566652774,0.4012960107746488,0.15166791870642593,0
11.297071129707113,50,6,155,77,0.36914309575966664,-0.8242637775146864,-0.7223504531159592,-4.826202098145203,-1.7686934292972145,4.730977480703464,-0.18593920500726802,-0.24567801882168327,0.31925510487146114,0
11.548117154811715,6,15,108,156,-0.9945782011713407,-0.7666078717166374,-0.05366759789621556,0.8011222969546807,-2.4577542010250673,0.21730046636213096,0.3798219139516953,0.025434912545692856,-0.25566005921353385,1
11.799163179916317,20,89,115,45,0.21220376211167724,0.5885788999329249,-0.7866014997731279,-1.5734651187908466,0.3224498882629909,-3.742584881933512,-0.38705679158882644,-0.41282053216816883,0.2190774473538556,0
12.05020920502092,72,59,55,97,0.7014549200329094,0.49194905109743625,-0.1829634141281662,-3.672853461807226,-3.5645763796060717,4.3981979192684175,-0.07988127215227503,0.40535987427787035,0.23967130072676368,1
12.301255230125523,38,1,129,83,0.8658761341999093,0.9818589529147812,-0.5899963798935255,2.3289891834134178,-3.376181053376791,-3.1165091623439856,-0.3087395820854133,0.11377741881569903,-0.06449454560184065,0
12.552301255230125,17,0,129,84,-0.24154283007239918,0.8528988471794223,0.4431931015025543,2.3082947487087635,-3.438361552078261,-2.6543870666517133,0.07724973076861308,0.23806912333851715,0.3061958810037908,0
12.803347280334727,3,47,87,71,-0.9038107120718246,0.5630289635028298,0.6558817743549838,4.633468328203991,-2.4469347527156815,1.6163235037114676,0.3437373264067243,-0.24602512542797528,-0.4688844000826423,1
13.05439330543933,88,11,124,84,0.501003849530627,0.5990742618390312,0.6502653533855944,4.786312874005304,-1.2570323286020733,-4.824840091379378,0.23929473516477318,-0.3936562737442254,-0.18508041138703235,0
13.305439330543933,59,68,78,100,-0.6271900264237118,-0.5286165078700005,0.2675171274403545,-2.5585270957762574,3.308771913417054,3.646088359550367,-0.49618286587565286,0.18166948240162006,-0.33286798852877875,0
13.556485355648535,13,36,139,86,0.8157322609250319,-0.3676068354070108,0.17661335159011338,2.685193645237912,-3.86890180923427,2.9551037169640315,0.15528240969165819,0.49174261716783885,-0.4273291283899837,0
13.807531380753137,8,31,72,60,0.3659641268342648,-0.09610279740192151,0.427564909710652,4.186777969935044,1.0060954254623606,4.408753563380648,-0.4229219880485393,-0.1596199073333251,0.36638651425134205,0
14.05857740585774,89,8,133,119,0.7993348905843463,0.24820308836367522,0.07956212382926608,3.268388837118774,1.6697151699090726,0.7718523671174813,-0.28447013120866815,-0.13962218006965244,-0.43149459337302043,0
14.309623430962343,52,98,140,157,-0.12251064922332189,0.1549725418122514,-0.28927509636320825,-1.514263327580295,-3.4071255475719484,1.0495392269054085,0.26315529125888937,-0.0916936572405489,0.25924873306084284,0
14.560669456066945,1,18,62,124,-0.21703577959699616,0.06371495937634797,-0.8667617752183661,-1.8188844638188053,3.664386675276454,4.9333693735862845,0.4036078443467951,-0.26723685289871124,0.30739603033995133,0
14.811715481171547,83,47,49,114,-0.5419492181504073,0.08569862122681782,-0.13694371372711478,2.524277626155725,-4.095183047129493,-2.1131440446936187,-0.4409061099217467,0.39884738818024734,0.15076854755874736,1
15.06276150627615,91,79,157,140,-0.33436842817503143,0.4610982736186029,0.38743521480667686,-3.908903682342503,1.5051164779171575,2.651908645557847,0.37422672413835156,-0.4998116004434181,-0.3309189296440075,0
15.313807531380753,59,2,108,75,-0.6665384800132337,0.7572582307468765,-0.009152747192068711,4.2567483088071185,-0.6182765358801232,4.013756495884444,-0.11024061257350792,-0.12049709662528141,-0.27326961707648934,0
15.564853556485355,70,19,139,138,0.4829218222780909,0.14630169851477737,0.9953852318476866,3.7789115904132746,-1.8280428323460143,3.68900625540571,-0.1183880601327999,-0.37115128799974517,-0.08723887073397396,0
15.815899581589957,43,23,73,58,0.5048062400776454,0.41396092248691807,0.5571438781015021,-1.2432774811827354,-2.031307254397192,1.4907465879439306,0.3023543291592642,-0.020929936896648793,-0.481999911054785,1
16.06694560669456,7,53,91,59,-0.7137440289030608,-0.5909108136610735,0.42812816444722834,-1.7161877211491894,1.3020874832914417,1.0983180549869456,-0.07855595842075258,-0.47282498390915584,0.4662434107067982,0
16.317991631799163,46,32,134,96,-0.012037025738274698,0.5092705837202331,-0.79416793851171,0.6343892734845884,-1.195802957672023,0.4849972165147678,-0.37254604057713103,0.20768832633061873,0.4727763228920858,0
16.569037656903767,34,23,49,57,0.0729627029691895,-0.24235686888616859,-0.08599956143664333,0.9648547498542159,0.45686888495473443,-0.5558054724879842,0.3260390516665719,0.19931537512620368,0.3394609095007669,0
16.820083682008367,77,74,58,86,0.207915744145025,0.004576694925060298,0.07972127422567343,-4.853329429537362,0.8706170770115094,-3.315556148572804,0.48179869326062763,0.12134449725352958,0.059184806829326475,0
17.07112970711297,80,71,97,144,-0.027285036008784402,-0.18208964582901355,0.5437639611964902,1.4257596894718958,2.5934432792286604,0.00445309130741478,0.12823811046328137,0.03267588676155497,0.1350891059097188,1
17.322175732217573,35,35,135,88,-0.975593855363911,0.19688540241045405,0.13101669464594767,0.42363664979738314,4.514785596659912,3.4716736137257413,-0.05015779202744075,-0.2815568171166929,-0.37975277348832437,0
17.573221757322173,49,37,40,53,0.43235814946590434,0.19805872955465298,0.6535976556181566,4.1423651595147,3.1376628831958637,-3.9108165815326856,-0.4316590644677396,-0.23668421624679992,-0.45387643566426616,0
17.824267782426777,3,83,159,54,0.9181495891280556,-0.3149514856429132,-0.545298033940026,-3.5100814402980527,0.2662379726895958,-2.5393034120200175,0.06717077991938558,-0.21617155297647972,0.32453480808703217,0
18.07531380753138,1,98,108,70,-0.15280627515903422,-0.42414076704854775,0.22990052630530888,-0.23304524958840833,-1.056346761816498,0.49414238430453317,-0.42575912701161356,-0.27364850565851406,0.2302461470901459,0
18.326359832635983,5,88,148,40,0.8237048176859294,-0.7217676117138763,-0.798410793968227,2.4687571613582273,2.154909070992744,0.21234132485334367,0.09880829638349142,-0.43550872875083246,0.3772394571622004,1
18.577405857740587,53,98,43,156,-0.48796893629267557,0.45219117212480153,0.18592581051764312,3.223934188170581,-0.6913790846196664,3.9671428984012245,0.3772617628261795,-0.16959199612422615,-0.1595941566504353,1
18.828451882845187,3,24,55,93,-0.7955746715496008,0.837501044521493,0.5801692742481734,-4.287197299448361,4.5466003003330755,1.5469308143134821,0.4890283583501739,0.1261761715931382,0.031316520568059114,0
19.07949790794979,53,92,63,157,-0.953954790424725,0.30273442197649225,0.542493337039476,-1.199254910627947,-3.0284587342712266,-0.20816770556400055,0.33815218355192445,-0.21470966164268357,-0.07081740660364311,1
19.330543933054393,92,17,119,42,-0.25112926055915596,-0.8621569212655624,-0.8453578690224255,-3.0544167681469903,-3.3366839225685787,1.1735175741297423,-0.23222332451166583,0.2891608465887314,0.073349345635218,0
19.581589958158993,62,81,158,55,-0.791506067896381,0.6808792639608459,0.8213723965114261,0.23084724581784677,1.700960346109417,4.296058774219892,0.15882507014007052,-0.24769275016059344,-0.2797746986226849,0
19.832635983263597,17,65,41,126,-0.7543784363085324,-0.5281879308098376,-0.6689589792654205,0.32260213339040167,0.8093205326279769,-4.103736608450578,-0.011625371017061292,0.2375657490928268,0.025239757520160166,0
20.0836820083682,89,53,152,96,-0.6273582410117586,0.6749815780049842,-0.3357071746901221,2.176357859086295,-1.000947931958438,4.767252386625788,-0.4673543224543314,0.36855150632028877,-0.43531310648486843,0
20.334728033472803,43,34,131,114,-0.37711147190871763,-0.5452087582457747,0.21578878758851738,3.2317401559566026,0.22481040516118345,-3.7677734582783398,0.45582448372075224,-0.4748580417227273,0.19445045613070877,0
20.585774058577407,33,79,71,51,-0.24138860322890232,0.4884993036865777,-0.588840383248725,3.594157932805892,2.997810954240217,-3.1541487046296703,-0.41779293628821834,0.4106765794351396,-0.03556676377445722,1
20.836820083682007,73,60,130,113,0.5755797774289848,0.20744306346027797,-0.7714653998886245,-2.0472171077968992,2.9340725814783735,-3.1477155345259034,-0.3624762251829846,-0.1591843002101534,-0.33517532465323796,0
21.08786610878661,61,40,123,135,-0.17099083159274464,0.7270362812259139,0.8459204635969697,4.177524891713773,-0.7547257480363809,-4.129610374123414,-0.32941808844291,0.4481083201714422,-0.054753887715211835,1
21.338912133891213,99,99,63,55,-0.06859975536237362,-0.038326043821852895,0.8369094498786023,3.1574864350428093,-1.2649031696161241,0.2649919415378097,0.28880226390535957,0.13960556117768186,0.17642636233839226,0
21.589958158995813,13,32,51,111,0.17413644827313446,-0.9343066595131233,0.8254989257582577,-3.8769565558878085,-4.974159851550176,1.3798520579329763,-0.3683065615279615,-0.26581555318451433,0.28675033515443693,1
21.841004184100417,94,67,89,141,-0.5035471144856962,0.15526390818309443,-0.6689733651440524,0.15175170333731636,0.9353856912314722,2.937438503805163,0.47076620647478296,-0.23732435740134827,-0.22843123524896014,0
22.09205020920502,47,32,74,115,-0.93224167950681,-0.3770536577344852,0.5609914150921753,1.4660591342286011,-3.2522655717262285,-1.392274808894002,-0.02710286718909516,0.4838403128554378,-0.23104105417352894,0
22.343096234309623,14,13,72,63,-0.44482565474116376,-0.5598055718378059,-0.5746384313175474,4.058911047877604,2.6994470025167896,0.5663705793671721,-0.09302809036573612,0.39148001562350676,-0.497078967378638,0
22.594142259414227,71,20,72,67,0.03034736481362521,0.9510826313655125,-0.08202202396597391,-2.443550021907277,-1.9793949816520495,2.3195806758563453,-0.46023403501143045,0.10407167707121923,0.407380164712847,1
22.845188284518827,77,47,100,156,0.11461073778009578,0.7212640357814679,0.07013943786731724,3.511742608527708,1.7142466953061444,3.0952997576844172,-0.26114333959807234,-0.030358225319291,-0.049534698342181716,0
23.09623430962343,86,19,90,47,-0.6310742571622878,-0.4008081764670459,-0.3801261474627782,2.6665613520040594,-3.5029603204304225,-0.7605518708669798,-0.02702865390448983,0.12251969572974519,-0.030256237009316234,1
23.347280334728033,61,7,82,131,-0.20536376908480425,-0.1464221893265012,0.5995640441485388,-3.4701619917143733,-2.6476441519801517,3.6925962465105258,-0.052531858677542176,-0.025711579568739484,0.09086744127104152,0
23.598326359832633,39,6,140,75,-0.301226001901334,-0.06353634311724132,0.24995197410210457,-0.2710803436681788,0.35358101842660883,-3.215540347722279,0.037007488351358364,0.3541359976505043,-0.4505031465063334,0
23.849372384937237,84,66,51,129,-0.2445481051196614,0.6731296265846658,0.17490720846814867,-1.8772821395120398,-2.6975383157213004,-2.938138354815736,0.3333170714730125,0.343924612611724,-0.21509197846903916,1
24.10041841004184,79,16,106,47,-0.4119106415580569,0.4281183995796565,0.05529546028957166,1.3796079331597007,-2.431161523542852,1.3201548602041848,-0.037148044984149364,-0.06146151146256451,-0.2814901656458697,0
24.351464435146443,81,32,104,97,0.06891178251449381,-0.0378241032248281,-0.005976102357502011,-4.415453858914461,-3.5822560647289814,-2.254597459998746,-0.10320315291368354,-0.45561222782914557,-0.22217792721826557,0
24.602510460251047,52,47,72,99,0.5307125621324813,-0.794037041337369,-0.33127437737903564,0.9704691689569165,1.7584124508737595,-0.5728303322047292,0.3166821754507181,-0.21543769823710246,0.31820666874824755,0
24.853556485355647,23,75,79,89,-0.8489932723922216,0.5064924414949017,-0.4553962905594011,-0.5420908542277108,2.2451685139861812,-4.841789082344175,0.03159946460443086,0.37986267736116,0.07477955426441518,1
25.10460251046025,25,58,113,67,0.7948608196377684,0.05315693331858751,0.6014995429722421,-1.5890997552577946,3.1870705711923275,1.0321941021337224,-0.4703317769352602,0.1754202075470892,-0.45514643197643134,0
25.355648535564853,88,85,82,131,0.9578628712319224,0.6795777189131411,0.733987520023047,-1.6277286724457962,4.055247923296738,2.7262272744938256,-0.04940298101686602,0.429426694473114,-0.33479606066214984,1
25.606694560669453,59,21,83,140,-0.18403100927031057,0.10344519051867951,-0.4922228719133914,-2.3510455276326656,1.4528983752571687,0.9575072818895674,-0.1101276470584559,0.2298603088484784,0.3822585560948476,0
25.857740585774057,40,29,68,80,-0.6077738006130944,0.011015758212067572,0.19009795940084118,-0.9881208596101736,-1.3304392079519936,-1.5643952522429605,0.1709430047425079,-0.2418267458088308,0.17460785291621617,1
26.10878661087866,28,37,52,139,-0.3214575082076181,0.13888703552700066,0.7749209650270059,1.1715578339564683,-0.5759006351933049,3.31863113251422,-0.20327235889591,0.21842922981873525,0.45403312758504055,1
26.359832635983263,14,50,51,103,0.11344316956673217,0.4416261926210132,0.6106299347158102,1.6960261613396188,-4.300683942905659,1.4016822382816603,0.22139345110628827,0.36288050291241236,-0.4978961568241166,0
26.610878661087867,44,53,134,66,0.9774575639108856,0.20639480435395918,0.613700297925172,-2.2885256349981518,0.9281199165342269,1.801319311034514,0.21757212473159437,0.3295875568652503,-0.4594412624553186,0
26.861924686192467,64,7,85,157,0.9252986371097494,0.8888194511545469,-0.7178363024445729,-2.6917081084598795,-0.4314135511963135,-3.0967513718093223,0.3715977272882306,-0.24330577168995415,0.16529210197805522,0
27.11297071129707,88,26,41,102,-0.18721538345295596,-0.35201987778640076,-0.8261499700993014,-4.476611242134917,-1.2152357651413093,-1.37055728154008,0.30035487902340663,0.16266451305935548,-0.40771520792674276,0
27.364016736401673,70,26,154,56,0.26648154982192107,0.4718092263920046,0.696256190933767,4.95480490704257,-0.5364764880235784,-1.664304505277996,0.09632151886036833,0.0495836567221436,0.4003212680742715,0
27.615062761506273,8,97,153,112,-0.754446220674583,0.7528881517505877,0.2858511272285065,0.8047500671667462,-4.112326058922315,4.616657359548132,-0.09576027035579082,-0.17891890291294987,0.24985076443646625,0
27.866108786610877,87,20,74,72,0.4078922702770189,0.8212480070806079,0.24952254208650215,1.3496004559103314,2.5483781994084778,-3.2952206182608244,-0.08732467391660337,0.146096175005063,0.14645009012460697,0
28.11715481171548,0,29,126,156,-0.32826828570032984,0.6502146628453196,-0.27388157560981896,-0.9052214699479606,-0.7731088660381049,3.2180644390108686,0.3880390643601178,0.09869240231909737,0.00215360996198688,0
28.368200836820083,7,96,120,123,-0.9315437783589418,0.6613090131304995,-0.3096157102374488,-4.987633202405906,-1.9914689164674493,4.812363743443038,-0.361128673603483,-0.38426239332129464,-0.3456784347169206,0
28.619246861924687,87,27,129,116,0.5476690464026805,-0.27448421066810913,0.7221360399494432,-0.2511345649378143,-1.1747371975599172,-3.8017099798235368,-0.3281515186729055,0.1378770926636339,0.2409812502745785,0
28.870292887029287,62,63,47,131,-0.5609789498380826,0.9490945303977398,0.5595175495760616,4.741646286280156,-4.799736440741755,2.371802250072431,0.029991522926418712,0.32901773254549105,0.4912632267336332,1
29.12133891213389,10,96,132,151,-0.7715241481592063,0.13155323993312096,0.9707346244834694,2.685998047885084,-2.563432839361334,1.7155844361303725,0.320012629119356,0.19488237367595918,0.03249269943714661,0
29.372384937238493,80,68,65,68,-0.05786909461237122,-0.6357857223568335,-0.030443265699307664,-4.0707085562061005,-2.429527335679201,2.87901988292265,-0.051146928325291774,-0.41560761945545766,-0.10063125160530906,0
29.623430962343093,7,60,113,52,0.024915311763843206,0.4833738884573311,0.39769170632180884,3.646861920335402,1.084864126597913,0.06838431820482604,0.41013463678213424,0.30802262990655294,-0.2839486349883128,0
29.874476987447697,34,47,129,85,-0.1948999128060389,-0.563953785011827,0.2901083355386589,-3.4069597938101968,-4.368909669208499,-3.8235097152644135,-0.033392215302784134,0.3167232025585446,-0.4326154452144775,1
30.1255230125523,34,18,73,74,-0.15659213089343638,-0.7354475777493392,0.8011446024727713,-2.7264269990390124,-1.5832549810307919,-1.190904744890128,-0.1126074143313407,0.35184123687394764,-0.09610213582987626,1
30.376569037656903,32,3,154,45,0.38244371521930876,0.3663677128909628,0.6451677518233478,-1.5367823141099644,-2.6094466780273438,0.09724246751698118,-0.42238535526855914,0.042534368532251454,0.36174249491829535,1
30.627615062761507,4,34,144,121,0.05932335731016214,0.6301088568049142,-0.00381849297798853,3.252861082328968,-2.202964615285208,4.423870191022331,0.09028554295315971,-0.2737208917857682,-0.11576037986261867,1
30.878661087866107,40,63,46,154,-0.8656492001685798,-0.1895038239446225,-0.005070212040218847,3.7333666172384774,-3.382357886478904,2.8627595675709454,-0.04987663881806781,0.07926635382052682,0.25935102575261304,0
31.12970711297071,27,48,107,108,0.44040516326459156,-0.7868425397426513,-0.719962922679102,0.745873823177666,0.6657536217141855,-1.0895723694182555,-0.4011263823593646,0.38965203301756635,-0.4876902969839244,1
31.380753138075313,6,16,97,86,-0.4726323947307671,-0.46700321325823557,0.46436915691812475,0.011529991820097507,-1.0282122257078896,0.39732618759942806,-0.12994766532574475,-0.47257969002734235,-0.10702577465470875,0
31.631799163179913,72,43,156,64,-0.4985386788768045,0.2661961267148951,-0.011452299723457182,1.2795005277263582,1.7430380640904843,0.3248119255942612,0.025812598873323767,0.011681386581511743,-0.33437165297173466,0
31.882845188284517,71,91,153,105,0.1465887563588013,0.6762139263565916,-0.1912369969019514,2.2142206732873166,-3.587219507244942,-2.8801750909776147,0.14574051009561229,-0.4552215494953318,0.2619068201324154,1
32.13389121338912,11,29,148,49,0.541822754128541,-0.1559278808986253,-0.2922572468775011,3.187350040742702,-1.7747202215358482,-4.771061750238798,0.44664443399354625,-0.1602311728488821,0.017239381714331925,0
32.38493723849372,33,92,114,95,0.9172543546264411,-0.6312581586420736,-0.8193260788447843,-3.462088503319689,-2.7638556550368873,4.573228878945873,-0.12108972194118561,-0.49328960969594005,-0.11412549710488407,0
32.63598326359833,32,45,68,69,0.541971851070957,-0.8635005892918168,0.6741579814060588,0.7304142893084933,4.327307404762548,0.7516335049662493,0.2917202592613465,0.0959888421834818,-0.39874008538484107,0
32.88702928870293,47,5,159,153,-0.12561320728551295,0.831027354583828,0.44306572224381124,-0.20645559862148222,-1.8627230880590395,1.0637094443337558,0.34713948969378505,0.031085344885242838,0.3417233617446761,0
33.13807531380753,22,98,75,148,0.22080933401591518,0.8986135941155313,-0.20670125389589145,-3.608019753824702,3.9826162729270607,3.293324051412837,0.08022151878502937,0.05968844483793989,-0.3947408148029876,0
33.38912133891213,61,36,128,44,0.9081738730792661,-0.7299974451575861,-0.032490116135174496,-1.8246855212326296,4.527975276012944,3.2520076741556814,-0.33264026686137205,0.4720252564965911,-0.27151325324522924,0
33.64016736401673,87,23,60,158,-0.4601775552156102,0.07968555781638686,-0.6759722442168308,1.663068858350397,-3.782380888747252,-0.217659769519277,0.4774521179903679,0.03191270652426337,-0.36421095293606287,0
33.89121338912134,36,92,75,159,0.6830593206200868,0.6928156986291145,0.910472625446958,0.06107554846750851,-2.674486416346199,-4.20034605640698,-0.40069779724630705,-0.29113592929426,0.42563733002533577,0
34.14225941422594,98,45,49,72,-0.6906557182335276,0.24666510180998147,-0.05152538259926076,2.767236304716927,-3.77964947875605,0.9429075056177467,-0.08584977567177321,-0.10456573200708563,-0.18679373892982598,1
34.39330543933054,43,52,140,157,-0.31123253591153355,-0.29691967773156236,-0.17441289878649546,4.364491738836605,3.761051925980425,-2.2224737625073887,-0.3529381494334116,-0.012148802807593562,-0.3699522174888613,0
34.64435146443515,85,94,112,104,0.4098510993779061,0.19657211653630924,-0.08063697447773777,3.5144863755126536,-4.996674938795106,-4.823121903867428,0.3354802363823276,-0.12960301372469352,-0.12519643221820365,0
34.89539748953975,90,98,63,57,-0.8481331792607558,-0.8444693118420858,-0.9953212187484435,1.0255316384286495,-1.352017808554705,-1.1353915884085284,-0.025993571516844116,-0.055872286834248386,0.49485797305932155,1
35.146443514644346,34,59,103,135,0.9353987764141729,-0.9894923628832302,-0.7938125079725102,0.6444109067888251,-3.082175444081394,-2.8824464933452165,0.04538112121830251,-0.4117982962101293,0.10687734157692996,1
35.39748953974895,64,96,138,150,-0.3708068863811782,0.6148605036335224,0.9241975715282353,-0.15398412981135312,2.5425354434386307,1.1949775140758767,-0.34841570713012004,-0.469062355268658,0.47074215367724814,0
35.64853556485355,98,62,88,88,0.5800271175837122,0.38112046489128115,0.04260133482713879,-2.026449517631611,-0.6966282249107882,-3.293352414500016,0.2735388915345639,0.4801089924137669,-0.02212155197775756,0
35.89958158995816,46,84,138,50,-0.8265895762756328,0.9163415860078608,0.5167848278913629,-4.253701856629183,2.826960407441492,-2.3461259081180543,0.032257531148976115,-0.3316630440808698,-0.2530925733324144,1
36.15062761506276,77,31,151,124,0.27789877066852364,0.5180716910776997,0.44820665854627717,-3.222336121487518,1.9161805556931935,1.18051674287186,0.3385492149028282,-0.14381435288240585,0.326814973796419,1
36.40167364016736,2,86,75,65,0.2744631595789737,0.9611536003599763,0.8067276252720499,1.3318962601346405,-2.711053951533864,-2.6735446143731902,0.2090137242870318,-0.3228290747281345,0.007446366119742143,0
36.65271966527197,0,32,121,102,0.2933298382343268,0.38635042291384947,-0.89680838668258,-2.7919737021436086,-3.262474043377055,1.557236725616563,0.17738732151871683,-0.2649627851961749,0.33068851052007686,0
36.90376569037657,4,66,152,128,0.3398349291000784,-0.9116691245797997,0.1765275139398621,3.4801588524940144,2.243174696766612,2.920936337605432,0.044827657545186805,-0.3347579495573968,0.08298442616460244,0
37.15481171548117,89,17,142,125,0.9987069991316697,0.1116131628743593,-0.053579763837333205,-0.9520157091480019,1.5407579537199814,-1.4576375955522547,0.49971380415591404,-0.34947850833658645,0.3167569301195281,0
37.40585774058577,13,24,135,98,-0.37429028698882494,-0.7589548424270711,0.46204734291656324,0.25504621968639984,-0.18365153465137674,-3.231128548561456,-0.29269099681244204,0.2823883294600873,0.23457792312141323,0
37.65690376569037,26,94,63,66,-0.6148019444287391,-0.7694359575054313,-0.15647468053897495,-1.129212396643692,4.638222754823509,-2.5141974228505792,-0.19951061439956763,-0.17417688243555018,0.29252139196291915,0
37.90794979079498,8,53,62,88,0.5906836759181948,0.49012909624044076,-0.8902347707070501,-3.6619626372051126,-0.814193783760647,2.903377358601481,-0.03855448811268736,0.2308180287118088,-0.35201585263416524,0
38.15899581589958,78,57,101,116,-0.0897126299276878,0.04486915214233789,0.28909330125164434,0.8214822977997223,1.8097482723824454,-3.103051518253228,0.3525577819015535,0.21088471668231912,0.4069428088348339,0
38.41004184100418,14,66,135,72,0.3003347008864563,-0.2706055010853883,0.12135438800702802,1.189481930077215,-1.7649960508852622,3.3430336595476753,-0.36762762096502755,0.09301450036059766,0.09912058504032517,0
38.66108786610879,89,45,76,137,-0.03787623231182713,0.7699967130465621,0.06053026526980032,1.292988060107362,-3.011437222247041,-4.353833201559139,-0.14653925945321755,-0.04153357543074221,-0.46201843671014653,1
38.91213389121339,41,23,51,144,-0.11793567650367676,-0.19102910063629852,0.14485551886693138,-4.573667907129673,-1.2859143234985924,-2.341488633456865,0.245860038627012,0.049322479403174024,-0.4422589481308262,0
39.163179916317986,76,31,152,138,0.6079539588017953,0.0768029807615751,0.323310350161083,1.46090123462508,-0.006661650213817261,-2.339807219946193,0.18075589296048555,-0.03321792276881208,-0.465538740575,0
39.41422594142259,50,46,94,40,0.47571153381305,0.04033621975746371,-0.14636588669027129,-3.507622220498239,-3.728002373125504,3.6466039214041768,0.4696077268480954,0.4491121430894405,0.01290241614719756,1
39.66527196652719,62,85,52,60,0.7533307557248989,-0.16498783194421573,-0.07611429884882481,-2.5652203159513274,1.5171064791096835,3.106859279862663,-0.4063275792940898,0.2546212215985918,-0.008068899894270953,0
39.9163179916318,95,22,62,151,0.9806826266835542,-0.9995249528482308,-0.6290541808465551,1.1408131118473612,3.595652316469458,-1.0760627847152548,-0.1975525217106201,-0.008581822471443235,0.022444145405464466,0
40.1673640167364,51,65,128,94,-0.23207222016054851,0.8651798188505058,-0.859940588505058,4.562221906489484,-3.668549958219031,-3.978504703424619,0.0627116990223392,-0.05877628634467347,0.10575530313905668,0
40.418410041841,95,26,138,45,-0.9810291327430039,-0.8946323280455428,-0.8229131787727637,1.5869214620744359,4.428311414132617,3.0888346163632807,0.41873471060637735,-0.13773191290140885,0.2257164632199491,0
40.66945606694561,3,1,144,131,-0.9248064535874783,-0.04043734628699047,0.16151441445465542,-4.235831405619486,-2.2063228606528362,4.3031888483782375,0.3944525568242322,-0.04402072424006309,-0.05654416361809589,1
40.92050209205021,93,89,69,120,-0.45662605786199184,-0.20342523204872887,-0.8166013297771397,-2.4694156719921545,2.8117042378691925,3.251321959287038,0.10211698535477953,0.0914067594224881,0.306589342326277,0
41.17154811715481,22,16,56,108,-0.3272590723431559,0.04503838326904619,0.46454361436929026,-0.04547896539018215,-1.136510901516845,-0.49875567580240343,-0.02351661622170731,0.49612294963944115,-0.4405284311327192,0
41.42259414225941,14,32,152,134,-0.9933072759140416,-0.06537846692469484,-0.40599424709023557,-2.7303530563463587,3.893909161288443,-0.4938034327024212,-0.49683215141929826,0.1401983115596238,-0.2015650876381233,0
41.67364016736401,42,8,101,44,0.7056436433838027,0.43110663046848385,0.17821706894178968,3.8245944045609974,-3.943065200937259,4.882752710001313,-0.2596176113005162,-0.18810091999571954,-0.2439524348950457,0
41.92468619246862,28,42,123,141,-0.4454687086064528,0.8206782041150686,-0.9097986455593536,-0.5672691255638176,-4.521691796058946,-4.619781517625451,-0.46920995033955215,0.4715330423905887,-0.27925451154721825,1
42.17573221757322,35,47,151,42,-0.7810648026417697,-0.2167397189192879,-0.7511248854062873,2.462072574818386,1.5903553420368075,3.0213055812758753,0.2340297625893063,0.2625963946941753,0.4292573980072293,0
42.42677824267782,12,38,128,92,0.91283139511885,0.5959786442867667,-0.4820346967963727,-3.9463246604719404,-4.644291329644517,0.08579289447578464,-0.46945054290662,0.3720483384470077,0.027226180839800218,0
42.67782426778243,31,92,125,62,0.17710845794649077,0.9646610301601632,0.7683979562630059,-1.1240476851723047,-0.38053063329044257,4.9158840887027395,0.13254410996582788,0.14447027712103366,0.31979780498472754,0
42.92887029288703,70,41,52,140,0.20159689288439608,0.807447934350541,0.9783698196267179,4.707499576706702,4.423153896731929,2.8384267676767383,-0.1665926778408895,0.2330511898599934,0.028578109722197098,0
43.179916317991626,58,25,98,92,0.4867056457872483,-0.870027181034212,-0.19683952714902508,-1.4515863974310959,-0.8786906973722841,0.4961604371892445,0.29339401430534773,0.4905460327701334,-0.29934898259623877,0
43.43096234309623,85,98,58,76,0.6756514705664909,-0.538861608389962,0.6612850355012492,3.305344564048399,-4.312871674817322,-0.7570311411511188,0.4946486415599979,-0.410187845717226,-0.49768245209518613,0
43.68200836820083,27,49,88,113,-0.7593224759300081,-0.906109285704374,-0.23181877701750087,-4.173823365407313,0.14657586573511594,3.989008240062354,-0.45583806382216874,-0.1582175952632383,0.13290633067843416,0
43.93305439330544,65,24,139,113,-0.9265361251467727,0.9145405259666513,0.6524113915879317,2.8248492456393794,-2.7215758245689003,4.759908495987924,-0.4309704591121504,-0.49433418547043273,0.4370910284587948,0
44.18410041841004,41,23,51,122,0.6015393742597501,0.2595558459923062,-0.567351953926893,1.6735039804642842,-4.895723006025969,-2.445865153147805,0.32192663593992965,0.30918317113903104,0.3844242755019771,0
44.43514644351464,44,12,100,56,0.036520733352784385,0.19454814486068206,0.05006300172053635,-2.392867000800835,-4.307456937141401,4.59826518075929,0.2000342727721044,-0.39559587025191856,-0.10089981192627695,0
44.68619246861925,61,59,144,124,-0.4795332640969454,0.03049584862945176,-0.017627318262746883,-0.21744705424076294,3.9581459737188194,-1.7778449655537165,0.2231494864646295,-0.2196655392084791,0.18740636413623757,0
44.93723849372385,56,6,58,117,0.9926715516134486,0.7948722960924077,-0.07323850356876016,-3.7476642956717288,-0.2566389009378609,-3.8604336528568286,-0.47550155173234765,-0.1938626591204068,0.04913033627717267,1
45.18828451882845,5,56,115,112,0.24587476587023738,0.49574320818445705,-0.9302696795323502,-0.13984497022460118,4.202971812194077,0.20768141834212717,0.13208982950624226,0.07704066446191082,0.1977562760734295,0
45.43933054393305,27,35,48,149,0.7898428824556798,0.7202536328358475,-0.0851358044525854,1.1649972689508346,-3.433615630261917,-4.562643741200305,-0.49391125176016093,-0.3990588000224785,0.36894425227914507,0
45.69037656903765,27,44,110,40,-0.21766046783924042,-0.4540812502873701,-0.04664634333926321,-3.8919203782019296,0.9853157568436561,-4.049883010076954,0.18174864409016123,-0.3870683573139887,0.34207443739857923,0
45.94142259414226,43,19,67,90,-0.9112466729335265,0.7043870666940155,-0.9291552631629099,-1.2400711005868859,0.5009194045815599,-1.1134720137015295,-0.2577687821754331,-0.021740115804776527,-0.3548034871153397,0
46.19246861924686,83,64,117,84,-0.341897269260258,0.8631789766379798,0.4704253090469055,-3.363161985346985,-2.262086924858935,4.28317532848577,0.21011005642170666,0.16685442101426784,-0.2888875288338638,0
46.44351464435146,29,7,134,116,-0.43721807884494646,-0.49470181207822983,-0.9898357203639481,1.7598227558635537,-0.0395216132011349,-4.872851100131065,0.36340076685700184,-0.09869397578028782,-0.2074849089292582,0
46.69456066945607,61,15,91,43,0.39142858569950034,-0.9024328366536538,0.06520503880152417,4.924154004894701,1.7145493489464325,-1.8307752265505508,-0.34767041053546455,-0.23383198748446254,-0.477973078776183,0
46.94560669456067,74,13,122,101,0.9242439451840996,-0.7810622798910922,0.7889598619361349,3.7926865999783814,-2.415683797081819,0.4401657918275159,0.08325749245611558,0.3422307463439479,0.048980449441641816,0
47.196652719665266,91,75,150,104,0.9829506702900963,-0.8769659475215299,0.7658125382749226,1.3607076372982512,-2.7893662854627155,4.7839727880059595,-0.2807260380761243,-0.4663308217861273,-0.28537192674119716,1
47.44769874476987,88,86,55,152,0.032158040887233286,0.8130274388891601,0.14263788383914822,2.481919059789975,0.5781322551106989,-3.194054018246991,-0.08387857192890769,0.2596114286997965,-0.3121571474622259,1
47.69874476987447,61,14,156,143,0.32422402021312924,0.0875578159947985,0.728985760614697,-4.4614179300197385,-1.7994016747901656,2.5318733591340283,0.21979145335468608,0.3669334683518837,-0.04605315189164294,0
47.94979079497908,96,91,108,71,0.46781983790740345,0.04252062436082982,0.7363216081030939,-2.3066870169797493,0.3955622049550511,2.279471767307432,0.3214319916425933,0.05465734803509559,0.13709083708090497,0
48.20083682008368,0,97,138,73,-0.5094289354893309,-0.685318680594948,-0.6791997893398558,-3.9205628535353565,1.852980161158734,-4.081291122899553,0.02627846033820269,-0.03682728324865825,-0.26534655822415065,0
48.45188284518828,26,65,51,131,-0.33198224250952424,-0.522619937397965,0.8601807010194773,4.651297421269966,-0.11605869935060387,-3.4932389229012264,-0.19680594053895395,-0.21002988105639098,0.06328893095381471,0
48.70292887029289,61,31,64,134,-0.788331812342832,0.39798147607917533,-0.6215569204299882,-1.5761636396645349,-0.865835507047386,2.581850110765373,-0.3800463069761101,0.4167916907023351,0.22065514528311325,1
48.95397489539749,76,86,91,111,0.7632742655407003,0.9226305763698148,-0.06905998246003286,2.4342378607660926,1.1194050533733098,-3.9406928744150704,-0.09855436908680637,-0.34137585547362204,0.38199216972163585,0
49.20502092050209,2,62,124,78,0.7581429604562633,-0.9897096584905705,0.6398938348162002,-3.484306284123264,-4.062430793544434,0.7717278328755004,0.3237780901011652,0.2217215527171793,-0.22845295258875764,0
49.45606694560669,69,85,139,65,-0.542749676950153,0.8174026185387357,-0.997759777039781,3.7713844151140403,-0.6619948774522824,-3.3915182604225382,-0.09755336256633107,-0.39725174754757664,-0.3109604752724683,0
49.70711297071129,71,50,92,73,0.11236347007951397,0.5132716075698693,-0.48262333860418405,0.5804232514896697,3.117522168657098,2.4171206151293,0.2830166373167329,0.21503871885068382,0.0934857629759347,0
49.9581589958159,26,24,62,93,-0.6137342708254139,-0.8318035510640307,-0.34713284699341407,3.8145077967502132,-2.220979027511322,-3.060461327322251,0.39572672592617286,0.0832665178130454,-0.033032000036389286,0
50.2092050209205,8,57,55,157,0.11968862461765895,-0.7683122864394847,-0.24660927602640248,3.798164859419387,1.575603127780231,-1.8907106999244583,-0.1596292536942373,0.44044850573617256,-0.4172845384756465,0
50.4602510460251,61,62,96,42,-0.9818551906945501,0.6373588409996835,-0.7431025638136173,2.4234805057250917,3.151183844803679,1.149782403411324,0.4308873720608084,0.32671465993101834,-0.3700700754642987,0
50.71129707112971,36,61,78,89,-0.4333141034688368,-0.9631445625235651,-0.1355184322149754,1.8788410987991515,-1.2474009555733367,0.3869566734303911,0.06498435767525357,0.36654798174908687,0.07180916360715373,0
50.96234309623431,96,21,148,51,0.6802430054824375,-0.2156975771096068,-0.6410053531523332,0.24159170726162227,3.4804779113077196,3.3996398028218255,0.4071998215606223,0.4429838168160425,-0.07761547781569411,0
51.213389121338906,50,57,92,104,0.5073976681010384,0.5776139637414885,-0.6524930493848664,3.3268046934704323,-4.889683857375342,2.495454844688883,-0.12268633859367639,0.4363211539691568,0.17514006114966807,0
51.46443514644351,43,57,81,93,0.5417082170819796,0.894595776512676,-0.6672448261354553,2.5867639011100483,1.7837882285514182,2.562646578914526,-0.3839773186518307,-0.4577082507773188,0.06462905099726313,0
51.71548117154811,23,85,97,147,0.541968585064271,0.41714400920525874,-0.05285222312982296,3.4197037149670866,-0.2968094589821435,0.020502134884471168,0.4301709654384246,0.3442487024058184,0.17584774646433643,0
51.96652719665272,78,48,78,44,-0.8841590788824034,-0.850611164484292,0.7048293183972953,-3.752859430886095,-1.146241169526382,1.4336517991178432,-0.3608841511089125,-0.24576861625130442,0.37551122655261615,0
52.21757322175732,58,51,53,133,0.9802967455012941,0.35210451437350887,-0.10808338597935707,2.803997761472745,-2.8279090230878943,-3.621771008407646,-0.31719276334309954,-0.22156059174956544,-0.37039934880455805,0
52.46861924686192,31,41,134,133,0.2951472868038152,0.18879171845709064,-0.2327754791887564,1.6304200450049224,-4.981201164750893,-3.2162741569267017,0.17610823141441112,0.4439823053632096,-0.23103196840461404,0
52.71966527196653,95,69,44,96,-0.8687477108519741,0.6430258948148819,-0.2563329415225508,-4.709286196560463,-3.3311488214512908,-3.1868072007449477,-0.024593392149926285,0.13433973971120428,0.4994662482156307,1
52.97071129707113,87,14,74,56,0.6375712867141874,-0.49498250062323557,-0.9979410403087332,-1.123264052496058,-0.9767287531344406,3.7426247061023776,-0.3951919350024279,-0.0014292004942908498,-0.11487988009749994,0
53.22175732217573,51,53,126,151,-0.682123433446487,-0.0629211664628313,0.8886072699156597,0.10109712498825196,2.234047656122863,-3.958626420797126,0.36582016522235516,-0.024032268988344097,-0.3890224754148519,0
53.47280334728033,61,59,132,86,-0.795612760612562,0.708419548923132,0.05404819242372416,-2.7456124453630615,2.0294344097867683,-4.471960395314719,0.13442414528658364,0.2707806182638798,-0.4971187483343854,0
53.72384937238493,57,96,146,62,0.6518415315997932,-0.4032511380200148,0.6798943293449438,-0.1340233775624693,0.9936896566293383,1.02145644052481,0.35895668542062953,-0.31397699999433437,0.05206936465337786,0
53.97489539748954,51,7,114,118,0.545645560033609,-0.5398926339371322,-0.7373297471812439,-4.77067188731958,-1.778919957708145,1.36490651049154,-0.08420249931254986,0.2196538166105304,-0.12883838521425817,0
54.22594142259414,11,52,57,140,0.7361086450645857,0.9264733068802637,-0.9373953725049675,-3.5100026385075656,1.9541564832805323,2.4592520881367452,0.36976317668171077,0.23049636095879023,0.14771317106292148,0
54.47698744769874,38,59,150,124,0.46254013394737115,0.8190490218956368,0.7147201841849973,4.819691904461452,-2.901580051435906,3.2513066766611516,0.2962405955628543,0.2540230349283823,-0.46406132507844666,1
54.72803347280335,1,4,115,53,0.9290409445404171,0.5201881568761944,-0.11540247523817948,0.20296576918654097,-1.2653740385582655,-3.7762324267482206,-0.10526564615517187,0.4308072973164898,-0.3742757310077738,0
54.97907949790795,2,67,48,105,-0.3760960190097391,-0.3585145191237451,0.44884534522823394,2.3550560648753756,-2.641424008563129,-1.2857799812695427,0.23709655043205125,0.4745918113353297,-0.44780137095502837,0
55.230125523012546,55,5,113,114,0.4916740240619286,-0.5992817129025747,0.736245626981062,-4.374577731026315,3.0136691581951904,2.6658852397164337,0.18219388062661046,-0.03184585869896961,0.07917525537472214,0
55.48117154811715,80,95,97,90,0.4298480804044953,0.1255005726867653,-0.056935079794974586,2.336158300423125,-2.0055648950811333,-3.2651992573404276,-0.41465866351567515,-0.4569930481330605,0.1668666605509217,0
55.73221757322175,58,93,147,142,0.08646561157991628,-0.6815085234414711,-0.5925975014474516,1.3755326447022975,-0.03833615886780528,-3.217475330953584,0.32330942982071786,0.28201533493296727,0.043805727866237376,1
55.98326359832636,1,46,56,77,-0.8176710191876166,-0.6926839236777746,-0.09261273078943466,1.8591127104986374,4.911264318213037,2.4721958774203765,-0.4001331788638218,0.18804444383601382,-0.25811111644585405,0
56.23430962343096,1,98,141,103,0.0607087874565122,-0.9642762150433613,0.5935956557280551,2.3998638668561174,4.503127529305917,-2.970636324250978,0.4110687027673836,0.3382653595457049,0.2093829670873909,0
56.48535564853556,91,54,46,137,-0.41166405331304423,0.8236720699198221,0.9350225272275554,0.6554996492144038,4.7964671503388345,-3.3470588902982543,0.4488459558311304,-0.46857817848872707,0.236200425060762,1
56.73640167364017,53,39,85,77,-0.6290822506466913,-0.07580541846867872,-0.9975363296671482,2.00251959444521,0.8581014597190197,0.86479092188707,-0.16975722066359467,0.40606588568636526,-0.2333248033380224,0
56.98744769874477,86,51,52,89,0.1966545302448539,0.21461289652534243,-0.5049200887932497,1.9767062752007512,4.296169228756842,2.8258193985133797,0.22485649931501706,0.3776470196507814,-0.4583431816173176,0
57.23849372384937,95,15,79,137,0.11682534516639587,-0.5489197151125291,-0.6783490618436199,-4.4386389658378995,3.5272801987571114,-2.7445867007426736,-0.10235242040796388,0.26230903202193867,-0.045081110492412924,0
57.48953974895397,96,12,81,121,0.3030389336045294,-0.3481490720958502,0.1805278777712449,-1.2308583526362806,-0.3826718638761779,-0.19093999246930338,-0.23274737020640468,-0.28019465117681,-0.3684817330836221,0
57.74058577405857,0,29,48,69,-0.1335065020566888,0.9687028148058079,-0.7008387146648685,-0.6481960074464324,4.3735329421586435,2.0601900766402457,0.35712955985628225,0.07535540325155599,-0.423615055008544,0
57.99163179916318,18,18,89,118,-0.07080280672837969,0.3609132527186505,-0.20890983224006265,1.3117064595670636,-4.501579722170584,4.039133302603746,-0.11741967642936457,-0.1322663491948901,-0.318260809290537,0
58.24267782426778,1,16,66,130,0.9493997037413797,0.4437752558538701,0.31396771512898614,4.093901920083962,2.8021306343010233,-4.929707961863809,-0.06449237452780932,-0.16790063460686355,-0.15819629450781747,0
58.49372384937238,52,62,105,90,0.5141185352224467,0.905297276077434,0.8156373059692803,-4.427197489223767,-2.7477629773151024,-3.686505918550933,0.23902655778795867,-0.2767366144948037,0.1418599588553554,0
58.74476987447699,43,18,44,102,0.4485706162528238,0.49832327820256617,-0.7081558519297091,-1.0116397029627056,4.226230580877896,-0.2793956580300172,0.07064962388093488,0.06809251233786728,0.16300734614177592,0
58.99581589958159,89,91,68,137,-0.7944151910146686,0.1418090036883286,-0.96326472611892,-4.8659737356783435,-2.17254310421238,-4.554050916270384,0.048382036195653955,0.37925511484638463,0.1755800919502598,0
59.246861924686186,31,57,76,91,-0.0352872368968169,-0.5793008401622628,-0.30796686471032086,-4.637123773864978,-2.2428014690444775,-2.2438766132105457,0.046963251371388126,0.3297631202876449,0.10614656493347974,0
59.49790794979079,69,54,77,77,0.5516094715859121,0.882475008464773,-0.855167455707317,2.8712660260160403,4.748346527811119,-1.2879290611000171,-0.208855752214821,-0.2929050818234288,-0.3476722143373212,0
59.74895397489539,31,89,122,136,0.06848441195289023,0.7650669716392,-0.8349829311191574,-0.7111312113896142,3.4478943628602146,-2.318609799044866,0.3994552125461016,0.21013543179806582,0.43737843816432076,0
60.0,67,89,47,127,0.6490280937936677,-0.28439729814345727,-0.3558105955613293,-3.4361819559655205,3.530896234036504,-4.534994135599345,0.10329180571494301,-0.02659911850508745,-0.4402835110291107,0
